,beta1,beta2,beta3,dispersion
Lower CI,0.16079214251973545,nan,nan,7.835498009614046
Upper CI,0.19053177821099682,nan,nan,nan
