beta1,beta2,beta3,dispersion
0.17585233021535707,1.000000071552041e-05,1.0000030832195908e-06,4.588676980561047
