nu_h,gamma_h,Sv
0.09223870401469315,0.08000000000000168,59999863.34399602
