nu_v,mu_v,Sv
0.09991375529735981,0.06200871946623234,9902.93331571675
