,beta_v,dispersion
Lower CI,0.3142696713194881,0.04915990843245335
Upper CI,0.4461290131411235,0.9207693469506298
