nu_v,a_v
0.06,0.2
0.11,0.2
0.16,0.2
0.06,0.5
0.11,0.5
0.16,0.5
0.06,0.8
0.11,0.8
0.16,0.8
0.06,1.0999999999999999
0.11,1.0999999999999999
0.16,1.0999999999999999
