beta_v,dispersion
0.37732733388623296,0.20041894942644606
