nu_h,gamma_h,Sv
0.09037914306537706,0.08000000000000168,59999909.19232632
